BEGIN
-- This part of code is to delete all existing tables 
-- taken from https://stackoverflow.com/questions/1690404/how-to-drop-all-user-tables/1690419#1690419
    FOR cur_rec IN (SELECT object_name, object_type
                    FROM user_objects
                    WHERE object_type IN
                                ('TABLE',
                                'VIEW',
                                'MATERIALIZED VIEW',
                                'PACKAGE',
                                'PROCEDURE',
                                'FUNCTION',
                                'SEQUENCE',
                                'SYNONYM',
                                'PACKAGE BODY'
                                ))
    LOOP
        BEGIN
            IF cur_rec.object_type = 'TABLE'
            THEN
            EXECUTE IMMEDIATE 'DROP '
                                || cur_rec.object_type
                                || ' "'
                                || cur_rec.object_name
                                || '" CASCADE CONSTRAINTS';
            ELSE
            EXECUTE IMMEDIATE 'DROP '
                                || cur_rec.object_type
                                || ' "'
                                || cur_rec.object_name
                                || '"';
            END IF;
        EXCEPTION
            WHEN OTHERS
            THEN
            DBMS_OUTPUT.put_line ('FAILED: DROP '
                                    || cur_rec.object_type
                                    || ' "'
                                    || cur_rec.object_name
                                    || '"'
                                    );
        END;
    END LOOP;
    FOR cur_rec IN (SELECT * 
                    FROM all_synonyms 
                    WHERE table_owner IN (SELECT USER FROM dual))
    LOOP
        BEGIN
            EXECUTE IMMEDIATE 'DROP PUBLIC SYNONYM ' || cur_rec.synonym_name;
        END;
    END LOOP;

    EXECUTE IMMEDIATE 'CREATE TABLE LOCATIONTABLE (
        coordinate VARCHAR2(70) PRIMARY KEY,
        city VARCHAR2(20),
        address VARCHAR2(70) NOT NULL,
        capacity INT,
        trucksParked INT,
        closeTime CHAR(5),
        openTime CHAR(5)
    )';

    EXECUTE IMMEDIATE 'CREATE TABLE ROUTETABLE (
        routeId CHAR(6) PRIMARY KEY,
        origin VARCHAR2(70) NOT NULL,
        destination VARCHAR2(70) NOT NULL,
        distance NUMBER,
        FOREIGN KEY (origin) REFERENCES LOCATIONTABLE(coordinate)
            ON DELETE CASCADE,
        FOREIGN KEY (destination) REFERENCES LOCATIONTABLE(coordinate)
            ON DELETE CASCADE
    )';

    EXECUTE IMMEDIATE 'CREATE TABLE INVOICETABLE (
        invoiceId CHAR(6) PRIMARY KEY,
        issueDate DATE,
        status CHAR(1)
    )';

    EXECUTE IMMEDIATE 'CREATE TABLE CUSTOMERTABLE (
        customerId CHAR(6) PRIMARY KEY,
        phoneNumber CHAR(12),
        email VARCHAR2(70),
        name VARCHAR2(25) NOT NULL
    )';

    EXECUTE IMMEDIATE 'CREATE TABLE EMPLOYEETABLE(
        employeeId CHAR(6) PRIMARY KEY,
        sin CHAR(9) UNIQUE,
        phoneNumber CHAR(12),
        email VARCHAR2(30),
        workLocation VARCHAR2(70),
        FOREIGN KEY (workLocation) REFERENCES LOCATIONTABLE(coordinate)
            ON DELETE SET NULL
    )';

    EXECUTE IMMEDIATE 'CREATE TABLE DISPATCHERTABLE(
        employeeId CHAR(6) PRIMARY KEY,
        dispatcherId CHAR(6) UNIQUE,
        FOREIGN KEY (employeeId) REFERENCES EMPLOYEETABLE(employeeId)
            ON DELETE CASCADE
    )';

    EXECUTE IMMEDIATE 'CREATE TABLE DRIVERTABLE(
        employeeId CHAR(6) PRIMARY KEY,
        licenseId CHAR(8) UNIQUE,
        hoursDriven NUMBER,
        FOREIGN KEY (employeeId) REFERENCES EMPLOYEETABLE(employeeId)
            ON DELETE CASCADE
    )';

    EXECUTE IMMEDIATE 'CREATE TABLE ORDERTABLE (
        orderId CHAR(6) PRIMARY KEY,
        customerId CHAR(6) NOT NULL,
        weight NUMBER,
        routeId CHAR(6) NOT NULL,
        orderDate DATE,
        departureTime CHAR(5),
        arrivalTime CHAR(5),
        invoiceId CHAR(6) NOT NULL,
        dispatcherId CHAR(6),
        FOREIGN KEY (dispatcherId) REFERENCES EMPLOYEETABLE(employeeId)
            ON DELETE CASCADE,
        FOREIGN KEY (routeId) REFERENCES ROUTETABLE(routeId)
            ON DELETE CASCADE,
        FOREIGN KEY (invoiceId) REFERENCES INVOICETABLE(invoiceId)
            ON DELETE CASCADE,
        FOREIGN KEY (customerId) REFERENCES CUSTOMERTABLE(customerId)
            ON DELETE CASCADE    
    )';

    EXECUTE IMMEDIATE 'CREATE TABLE TRUCKTABLE(
        plateNumber CHAR(6) PRIMARY KEY,
        model VARCHAR2(10),
        mileage INT,
        status CHAR(1), 
        parkedAt VARCHAR2(30),
        FOREIGN KEY (parkedAt) REFERENCES LOCATIONTABLE(coordinate)
            ON DELETE SET NULL
    )';


    EXECUTE IMMEDIATE 'CREATE TABLE DRIVERDRIVESTABLE(
        plateNumber CHAR(6),
        employeeId CHAR(6),
        CONSTRAINT PK_Drives PRIMARY KEY (plateNumber,employeeId),
        FOREIGN KEY (plateNumber) REFERENCES TRUCKTABLE(plateNumber)
            ON DELETE SET NULL,
        FOREIGN KEY (employeeId) REFERENCES EMPLOYEETABLE(employeeId)
            ON DELETE SET NULL
    )';


    EXECUTE IMMEDIATE 'CREATE TABLE ASSIGNEDTABLE(
        plateNumber CHAR(6),
        employeeId CHAR(6),
        orderId CHAR(6),
        CONSTRAINT PK_Assigned PRIMARY KEY (plateNumber,employeeId,orderId),
        FOREIGN KEY (plateNumber, employeeId) REFERENCES DRIVERDRIVESTABLE(plateNumber, employeeId)
            ON DELETE SET NULL,
        FOREIGN KEY (orderId) REFERENCES ORDERTABLE(orderId)
            ON DELETE CASCADE
    )';


INSERT INTO LOCATIONTABLE VALUES ('49.2827,-123.1207', 'Vancouver', '123 Garage Lane', 20, 5, NULL, NULL);
INSERT INTO LOCATIONTABLE VALUES ('49.2488,-122.9805', 'Burnaby', '456 Truck Stop', 30, 10, NULL, NULL);
INSERT INTO LOCATIONTABLE VALUES ('49.1044,-122.8011', 'Surrey', '789 Depot Dr', 25, 7, NULL, NULL);
INSERT INTO LOCATIONTABLE VALUES ('49.1666,-123.1336', 'Richmond', '101 Office St', NULL, NULL, '18:00', '08:00');
INSERT INTO LOCATIONTABLE VALUES ('49.2820,-122.7932', 'Coquitlam', '202 Admin Ave', NULL, NULL, '20:00', '09:00');
INSERT INTO LOCATIONTABLE VALUES ('49.1044,-122.6603', 'Langley', '303 Dispatch Blvd', NULL, NULL, '22:00', '07:00');
INSERT INTO LOCATIONTABLE VALUES ('49.2609,-123.1139', 'Vancouver', '404 Multi-use Site', 40, 15, '23:00', '06:00');
INSERT INTO LOCATIONTABLE VALUES ('49.2327,-123.0036', 'Burnaby', '505 Combo Hub', 35, 12, '21:00', '07:30');

INSERT INTO ROUTETABLE VALUES ('R00001', '49.2827,-123.1207', '49.1666,-123.1336', 12.5);
INSERT INTO ROUTETABLE VALUES ('R00002', '49.2488,-122.9805', '49.2820,-122.7932', 18.3);
INSERT INTO ROUTETABLE VALUES ('R00003', '49.1044,-122.8011', '49.1044,-122.6603', 22.0);
INSERT INTO ROUTETABLE VALUES ('R00004', '49.1666,-123.1336', '49.2609,-123.1139', 13.2);
INSERT INTO ROUTETABLE VALUES ('R00005', '49.2820,-122.7932', '49.2327,-123.0036', 19.1);
INSERT INTO ROUTETABLE VALUES ('R00006', '49.1044,-122.6603', '49.2827,-123.1207', 25.4);
INSERT INTO ROUTETABLE VALUES ('R00007', '49.2609,-123.1139', '49.2488,-122.9805', 30.6);
INSERT INTO ROUTETABLE VALUES ('R00008', '49.2327,-123.0036', '49.1044,-122.8011', 17.8);


INSERT INTO INVOICETABLE VALUES ('I00001', TO_DATE('2025-04-01', 'YYYY-MM-DD'), 'P');
INSERT INTO INVOICETABLE VALUES ('I00002', TO_DATE('2025-04-02', 'YYYY-MM-DD'), 'U');
INSERT INTO INVOICETABLE VALUES ('I00003', TO_DATE('2025-04-03', 'YYYY-MM-DD'), 'P');
INSERT INTO INVOICETABLE VALUES ('I00004', TO_DATE('2025-04-04', 'YYYY-MM-DD'), 'U');
INSERT INTO INVOICETABLE VALUES ('I00005', TO_DATE('2025-04-05', 'YYYY-MM-DD'), 'P');
INSERT INTO INVOICETABLE VALUES ('I00006', TO_DATE('2025-04-06', 'YYYY-MM-DD'), 'U');
INSERT INTO INVOICETABLE VALUES ('I00007', TO_DATE('2025-04-07', 'YYYY-MM-DD'), 'P');
INSERT INTO INVOICETABLE VALUES ('I00008', TO_DATE('2025-04-08', 'YYYY-MM-DD'), 'P');
INSERT INTO INVOICETABLE VALUES ('I00009', TO_DATE('2025-04-10', 'YYYY-MM-DD'), 'P');
INSERT INTO INVOICETABLE VALUES ('I00010', TO_DATE('2025-04-10', 'YYYY-MM-DD'), 'P');
INSERT INTO INVOICETABLE VALUES ('I00011', TO_DATE('2025-04-10', 'YYYY-MM-DD'), 'P');
INSERT INTO INVOICETABLE VALUES ('I00012', TO_DATE('2025-04-10', 'YYYY-MM-DD'), 'P');
INSERT INTO INVOICETABLE VALUES ('I00013', TO_DATE('2025-04-10', 'YYYY-MM-DD'), 'P');
INSERT INTO INVOICETABLE VALUES ('I00014', TO_DATE('2025-04-11', 'YYYY-MM-DD'), 'P');
INSERT INTO INVOICETABLE VALUES ('I00015', TO_DATE('2025-04-12', 'YYYY-MM-DD'), 'u');
INSERT INTO INVOICETABLE VALUES ('I00016', TO_DATE('2025-04-13', 'YYYY-MM-DD'), 'U');
INSERT INTO INVOICETABLE VALUES ('I00017', TO_DATE('2025-04-14', 'YYYY-MM-DD'), 'P');

INSERT INTO CUSTOMERTABLE VALUES ('C00001', '604-123-4567', 'alice@gmail.com', 'Alice');
INSERT INTO CUSTOMERTABLE VALUES ('C00002', '604-234-5678', 'bob@gmail.com', 'Bob');
INSERT INTO CUSTOMERTABLE VALUES ('C00003', '604-345-6789', 'carol@gmail.com', 'Carol');
INSERT INTO CUSTOMERTABLE VALUES ('C00004', '604-456-7890', 'dave@gmail.com', 'Dave');
INSERT INTO CUSTOMERTABLE VALUES ('C00005', '604-567-8901', 'eve@gmail.com', 'Eve');
INSERT INTO CUSTOMERTABLE VALUES ('C00006', '604-678-9012', 'frank@gmail.com', 'Frank');
INSERT INTO CUSTOMERTABLE VALUES ('C00007', '604-789-0123', 'grace@gmail.com', 'Grace');
INSERT INTO CUSTOMERTABLE VALUES ('C00008', '604-890-1234', 'heidi@gmail.com', 'Heidi');

INSERT INTO EMPLOYEETABLE VALUES ('E00001', '123456789', '604-123-4567', 'emma@gmail.com', '49.2827,-123.1207');
INSERT INTO EMPLOYEETABLE VALUES ('E00002', '987654321', '604-234-5678', 'oliver@gmail.com', '49.2827,-123.1207');
INSERT INTO EMPLOYEETABLE VALUES ('E00003', '111223333', '604-345-6789', 'ava@gmail.com', '49.2488,-122.9805');
INSERT INTO EMPLOYEETABLE VALUES ('E00004', '444556666', '604-456-7890', 'liam@gmail.com', '49.2488,-122.9805');
INSERT INTO EMPLOYEETABLE VALUES ('E00005', '777889999', '604-567-8901', 'sophia@gmail.com', '49.2609,-123.1139');
INSERT INTO EMPLOYEETABLE VALUES ('E00006', '222334444', '604-678-9012', 'jack@gmail.com', '49.1044,-122.6603');
INSERT INTO EMPLOYEETABLE VALUES ('E00007', '555667777', '604-789-0123', 'mia@gmail.com', '49.2609,-123.1139');
INSERT INTO EMPLOYEETABLE VALUES ('E00008', '888990000', '604-890-1234', 'noah@gmail.com', '49.1044,-122.6603');
INSERT INTO EMPLOYEETABLE VALUES ('E00009', '101010101', '604-101-0101', 'isabella@gmail.com', '49.2827,-123.1207');
INSERT INTO EMPLOYEETABLE VALUES ('E00010', '202020202', '604-202-0202', 'jacob@gmail.com', '49.2488,-122.9805');
INSERT INTO EMPLOYEETABLE VALUES ('E00011', '303030303', '604-303-0303', 'lily@gmail.com', '49.2609,-123.1139');
INSERT INTO EMPLOYEETABLE VALUES ('E00012', '404040404', '604-404-0404', 'ethan@gmail.com', '49.1044,-122.6603');
INSERT INTO EMPLOYEETABLE VALUES ('E00013', '505050505', '604-505-0505', 'amelia@gmail.com', '49.2827,-123.1207');
INSERT INTO EMPLOYEETABLE VALUES ('E00014', '606060606', '604-606-0606', 'logan@gmail.com', '49.2488,-122.9805');
INSERT INTO EMPLOYEETABLE VALUES ('E00015', '707070707', '604-707-0707', 'ava.j@gmail.com', '49.2609,-123.1139');
INSERT INTO EMPLOYEETABLE VALUES ('E00016', '808080808', '604-808-0808', 'lucas@gmail.com', '49.1044,-122.6603');


INSERT INTO DISPATCHERTABLE VALUES ('E00001', 'D00001');
INSERT INTO DISPATCHERTABLE VALUES ('E00002', 'D00002');
INSERT INTO DISPATCHERTABLE VALUES ('E00003', 'D00003');
INSERT INTO DISPATCHERTABLE VALUES ('E00004', 'D00004');
INSERT INTO DISPATCHERTABLE VALUES ('E00005', 'D00005');
INSERT INTO DISPATCHERTABLE VALUES ('E00006', 'D00006');
INSERT INTO DISPATCHERTABLE VALUES ('E00007', 'D00007');
INSERT INTO DISPATCHERTABLE VALUES ('E00008', 'D00008');


INSERT INTO DRIVERTABLE VALUES ('E00009', '01234567', 1200);
INSERT INTO DRIVERTABLE VALUES ('E00010', '02345678', 800);
INSERT INTO DRIVERTABLE VALUES ('E00011', '03456789', 2100);
INSERT INTO DRIVERTABLE VALUES ('E00012', '04567890', 950);
INSERT INTO DRIVERTABLE VALUES ('E00013', '05678901', 1450);
INSERT INTO DRIVERTABLE VALUES ('E00014', '06789012', 1020);
INSERT INTO DRIVERTABLE VALUES ('E00015', '07890123', 700);
INSERT INTO DRIVERTABLE VALUES ('E00016', '08901234', 1600);


INSERT INTO ORDERTABLE VALUES ('O00001', 'C00001', 150, 'R00001', TO_DATE('2025-04-10', 'YYYY-MM-DD'), '08:00', '10:00', 'I00001', 'E00001');
INSERT INTO ORDERTABLE VALUES ('O00002', 'C00002', 100, 'R00002', TO_DATE('2025-04-11', 'YYYY-MM-DD'), '09:30', '11:00', 'I00002', 'E00002');
INSERT INTO ORDERTABLE VALUES ('O00003', 'C00003', 300, 'R00002', TO_DATE('2025-04-12', 'YYYY-MM-DD'), '07:00', '08:45', 'I00003', 'E00003');
INSERT INTO ORDERTABLE VALUES ('O00004', 'C00004', 220, 'R00004', TO_DATE('2025-04-13', 'YYYY-MM-DD'), '10:15', '12:15', 'I00004', 'E00004');
INSERT INTO ORDERTABLE VALUES ('O00005', 'C00005', 180, 'R00005', TO_DATE('2025-04-14', 'YYYY-MM-DD'), '06:45', '08:00', 'I00005', 'E00005');
INSERT INTO ORDERTABLE VALUES ('O00006', 'C00006', 250, 'R00006', TO_DATE('2025-04-15', 'YYYY-MM-DD'), '09:00', '10:30', 'I00006', 'E00006');
INSERT INTO ORDERTABLE VALUES ('O00007', 'C00007', 160, 'R00007', TO_DATE('2025-04-14', 'YYYY-MM-DD'), '07:30', '09:00', 'I00007', 'E00007');
INSERT INTO ORDERTABLE VALUES ('O00008', 'C00008', 200, 'R00002', TO_DATE('2025-04-17', 'YYYY-MM-DD'), '08:15', '10:00', 'I00008', 'E00008');
INSERT INTO ORDERTABLE VALUES ('O00009', 'C00007', 200, 'R00001', TO_DATE('2025-04-17', 'YYYY-MM-DD'), '09:15', '10:00', 'I00009', 'E00008');
INSERT INTO ORDERTABLE VALUES ('O00010', 'C00002', 100, 'R00002', TO_DATE('2025-04-10', 'YYYY-MM-DD'), '09:30', '21:00', 'I00010', 'E00002');
INSERT INTO ORDERTABLE VALUES ('O00011', 'C00004', 100, 'R00002', TO_DATE('2025-04-13', 'YYYY-MM-DD'), '09:30', '21:00', 'I00011', 'E00002');
INSERT INTO ORDERTABLE VALUES ('O00012', 'C00005', 180, 'R00002', TO_DATE('2025-04-14', 'YYYY-MM-DD'), '06:45', '08:00', 'I00012', 'E00005');
INSERT INTO ORDERTABLE VALUES ('O00013', 'C00006', 250, 'R00002', TO_DATE('2025-04-15', 'YYYY-MM-DD'), '09:00', '10:30', 'I00013', 'E00006');

INSERT INTO TRUCKTABLE VALUES ('TK0001', 'Freight', 120000, 'P', '49.2827,-123.1207');
INSERT INTO TRUCKTABLE VALUES ('TK0002', 'Kenworth', 95000, 'D', '49.2488,-122.9805');
INSERT INTO TRUCKTABLE VALUES ('TK0003', 'Volvo', 87500, 'P', '49.2609,-123.1139');
INSERT INTO TRUCKTABLE VALUES ('TK0004', 'Mack', 140000, 'P', '49.1044,-122.6603');
INSERT INTO TRUCKTABLE VALUES ('TK0005', 'Peterbilt', 60000, 'D', '49.2827,-123.1207');
INSERT INTO TRUCKTABLE VALUES ('TK0006', 'Western', 73000, 'P', '49.2488,-122.9805');
INSERT INTO TRUCKTABLE VALUES ('TK0007', 'Freight', 102000, 'D', '49.2609,-123.1139');
INSERT INTO TRUCKTABLE VALUES ('TK0008', 'Kenworth', 89000, 'P', '49.1044,-122.6603');


INSERT INTO DRIVERDRIVESTABLE VALUES ('TK0001', 'E00009');
INSERT INTO DRIVERDRIVESTABLE VALUES ('TK0002', 'E00010');
INSERT INTO DRIVERDRIVESTABLE VALUES ('TK0003', 'E00011');
INSERT INTO DRIVERDRIVESTABLE VALUES ('TK0004', 'E00012');
INSERT INTO DRIVERDRIVESTABLE VALUES ('TK0005', 'E00013');
INSERT INTO DRIVERDRIVESTABLE VALUES ('TK0006', 'E00014');
INSERT INTO DRIVERDRIVESTABLE VALUES ('TK0007', 'E00015');
INSERT INTO DRIVERDRIVESTABLE VALUES ('TK0008', 'E00016');

INSERT INTO ASSIGNEDTABLE VALUES ('TK0001', 'E00009', 'O00001');
INSERT INTO ASSIGNEDTABLE VALUES ('TK0002', 'E00010', 'O00002');
INSERT INTO ASSIGNEDTABLE VALUES ('TK0003', 'E00011', 'O00003');
INSERT INTO ASSIGNEDTABLE VALUES ('TK0004', 'E00012', 'O00004');
INSERT INTO ASSIGNEDTABLE VALUES ('TK0005', 'E00013', 'O00005');
INSERT INTO ASSIGNEDTABLE VALUES ('TK0006', 'E00014', 'O00006');
INSERT INTO ASSIGNEDTABLE VALUES ('TK0007', 'E00015', 'O00007');
INSERT INTO ASSIGNEDTABLE VALUES ('TK0008', 'E00016', 'O00008');

END;